{"cameraMode":{"drawMode":0,"name":"Shaded","section":"Shading Mode"},"sceneLighting":false,"audioPlay":false,"sceneViewState":{"m_AlwaysRefresh":false,"showFog":true,"showSkybox":false,"showFlares":true,"showImageEffects":true,"showParticleSystems":true,"showVisualEffectGraphs":true,"m_FxEnabled":true},"in2DMode":false,"pivot":{"x":0.37895652651786806,"y":-11.327885627746582,"z":16.889999389648439},"rotation":{"x":-0.3101256489753723,"y":-0.013548892922699452,"z":0.004347165580838919,"w":-0.9507426619529724},"size":15.191272735595704,"orthographic":false}