{"cameraMode":{"drawMode":0,"name":"Shaded","section":"Shading Mode"},"sceneLighting":false,"audioPlay":false,"sceneViewState":{"m_AlwaysRefresh":false,"showFog":true,"showSkybox":false,"showFlares":true,"showImageEffects":true,"showParticleSystems":true,"showVisualEffectGraphs":true,"m_FxEnabled":true},"in2DMode":false,"pivot":{"x":-1.2815390825271607,"y":0.9494475722312927,"z":-3.8622496128082277},"rotation":{"x":-0.05813740938901901,"y":-0.26554828882217409,"z":0.015934891998767854,"w":-0.962363064289093},"size":0.6593484282493591,"orthographic":false}